framework,browser,action,board,min,max,mean,median,standardabweichung
Leptos,chromium,task-create,Board 1 (Leer),3.2,46.8,11.8,10.1,7.68
Leptos,chromium,task-create,Board 2 (10 Tasks),2.1,15.0,10.08,10.85,3.03
Leptos,chromium,task-create,Board 3 (100 Tasks),3.7,16.9,10.52,10.45,3.27
Leptos,chromium,task-create,Board 4 (1000 Tasks),5.7,58.4,16.22,13.9,10.33
Leptos,chromium,task-edit,Board 2 (10 Tasks),2.3,16.0,9.48,9.9,3.46
Leptos,chromium,task-edit,Board 3 (100 Tasks),2.8,16.3,8.78,9.55,3.14
Leptos,chromium,task-edit,Board 4 (1000 Tasks),4.9,33.0,11.92,10.4,6.63
Leptos,chromium,task-delete,Board 2 (10 Tasks),2.8,46.8,12.62,11.4,7.37
Leptos,chromium,task-delete,Board 3 (100 Tasks),5.8,22.7,12.54,12.5,3.4
Leptos,chromium,task-delete,Board 4 (1000 Tasks),19.5,96.0,34.88,30.8,15.13
Leptos,chromium,task-move-within-column,Board 2 (10 Tasks),5.0,30.5,11.0,9.7,4.73
Leptos,chromium,task-move-within-column,Board 3 (100 Tasks),5.8,32.3,12.98,11.75,5.63
Leptos,chromium,task-move-within-column,Board 4 (1000 Tasks),20.5,97.1,43.32,38.1,17.2
Leptos,chromium,task-move-between-columns,Board 2 (10 Tasks),5.0,15.7,11.29,11.45,2.5
Leptos,chromium,task-move-between-columns,Board 3 (100 Tasks),5.1,25.2,12.04,11.15,4.16
Leptos,chromium,task-move-between-columns,Board 4 (1000 Tasks),19.9,70.0,41.39,38.75,14.19
Leptos,chromium,board-switch,Board 1 (Leer),5.1,37.7,12.12,10.8,6.74
Leptos,chromium,board-switch,Board 2 (10 Tasks),10.0,91.9,29.84,17.35,22.86
Leptos,chromium,board-switch,Board 3 (100 Tasks),26.8,224.6,75.78,54.35,48.27
Leptos,chromium,board-switch,Board 4 (1000 Tasks),246.1,611.5,370.22,357.3,84.12
Leptos,chromium,initial-load-fcp,Initial Load,60.0,404.0,174.0,144.0,97.72
Leptos,chromium,initial-load-lcp,Initial Load,60.0,404.0,174.0,144.0,97.72
Leptos,firefox,task-create,Board 1 (Leer),6.0,35.0,17.35,16.0,7.24
Leptos,firefox,task-create,Board 2 (10 Tasks),5.0,35.0,19.82,19.5,8.18
Leptos,firefox,task-create,Board 3 (100 Tasks),6.0,53.0,17.48,13.5,11.61
Leptos,firefox,task-create,Board 4 (1000 Tasks),7.0,56.0,21.8,16.5,13.32
Leptos,firefox,task-edit,Board 2 (10 Tasks),3.0,43.0,14.65,12.5,9.06
Leptos,firefox,task-edit,Board 3 (100 Tasks),4.0,31.0,10.48,8.0,5.87
Leptos,firefox,task-edit,Board 4 (1000 Tasks),4.0,51.0,14.98,10.5,9.9
Leptos,firefox,task-delete,Board 2 (10 Tasks),1.0,19.0,8.72,8.0,4.44
Leptos,firefox,task-delete,Board 3 (100 Tasks),5.0,49.0,17.12,13.5,10.92
Leptos,firefox,task-delete,Board 4 (1000 Tasks),41.0,340.0,96.82,79.5,57.5
Leptos,firefox,task-move-within-column,Board 2 (10 Tasks),9.0,38.0,17.38,17.0,6.78
Leptos,firefox,task-move-within-column,Board 3 (100 Tasks),5.0,91.0,22.1,19.0,14.54
Leptos,firefox,task-move-within-column,Board 4 (1000 Tasks),5.0,175.0,82.88,78.0,38.16
Leptos,firefox,task-move-between-columns,Board 2 (10 Tasks),7.0,39.0,18.35,16.5,8.17
Leptos,firefox,task-move-between-columns,Board 3 (100 Tasks),7.0,34.0,16.4,17.0,6.55
Leptos,firefox,task-move-between-columns,Board 4 (1000 Tasks),34.0,198.0,93.82,88.0,37.53
Leptos,firefox,board-switch,Board 1 (Leer),6.0,39.0,17.8,15.5,7.42
Leptos,firefox,board-switch,Board 2 (10 Tasks),19.0,114.0,49.22,41.0,25.62
Leptos,firefox,board-switch,Board 3 (100 Tasks),139.0,394.0,231.5,217.5,61.88
Leptos,firefox,board-switch,Board 4 (1000 Tasks),1521.0,5349.0,2248.7,2049.5,760.39
Leptos,firefox,initial-load-fcp,Initial Load,155.0,371.0,243.42,239.0,53.32
Leptos,firefox,initial-load-lcp,Initial Load,155.0,371.0,243.42,239.0,53.32
Leptos,webkit,task-create,Board 1 (Leer),9.0,45.0,23.1,23.0,9.25
Leptos,webkit,task-create,Board 2 (10 Tasks),6.0,38.0,16.92,14.0,8.37
Leptos,webkit,task-create,Board 3 (100 Tasks),8.0,96.0,27.98,22.5,19.28
Leptos,webkit,task-create,Board 4 (1000 Tasks),16.0,114.0,49.45,46.0,25.8
Leptos,webkit,task-edit,Board 2 (10 Tasks),5.0,66.0,20.45,17.0,11.14
Leptos,webkit,task-edit,Board 3 (100 Tasks),7.0,51.0,22.0,20.0,9.72
Leptos,webkit,task-edit,Board 4 (1000 Tasks),19.0,73.0,42.42,39.5,15.85
Leptos,webkit,task-delete,Board 2 (10 Tasks),4.0,66.0,23.55,20.0,14.07
Leptos,webkit,task-delete,Board 3 (100 Tasks),6.0,51.0,24.65,25.0,10.98
Leptos,webkit,task-delete,Board 4 (1000 Tasks),35.0,254.0,105.68,93.5,47.11
Leptos,webkit,task-move-within-column,Board 2 (10 Tasks),10.0,73.0,36.05,31.5,15.67
Leptos,webkit,task-move-within-column,Board 3 (100 Tasks),16.0,158.0,42.4,35.0,25.34
Leptos,webkit,task-move-within-column,Board 4 (1000 Tasks),29.0,121.0,70.25,64.5,21.94
Leptos,webkit,task-move-between-columns,Board 2 (10 Tasks),12.0,55.0,26.45,24.0,9.62
Leptos,webkit,task-move-between-columns,Board 3 (100 Tasks),18.0,166.0,43.3,36.5,27.34
Leptos,webkit,task-move-between-columns,Board 4 (1000 Tasks),52.0,268.0,114.55,112.5,42.48
Leptos,webkit,board-switch,Board 1 (Leer),8.0,168.0,25.18,20.0,24.63
Leptos,webkit,board-switch,Board 2 (10 Tasks),29.0,114.0,66.7,62.5,23.72
Leptos,webkit,board-switch,Board 3 (100 Tasks),138.0,378.0,274.5,259.0,61.85
Leptos,webkit,board-switch,Board 4 (1000 Tasks),1968.0,5129.0,2780.78,2753.0,556.54
Leptos,webkit,initial-load-fcp,Initial Load,253.0,486.0,346.98,337.0,57.68
Leptos,webkit,initial-load-lcp,Initial Load,270.0,538.0,372.75,369.0,61.11
React,chromium,task-create,Board 1 (Leer),3.6,32.8,12.03,10.75,5.58
React,chromium,task-create,Board 2 (10 Tasks),6.3,34.9,13.26,10.65,6.61
React,chromium,task-create,Board 3 (100 Tasks),9.4,65.2,26.39,22.5,13.89
React,chromium,task-create,Board 4 (1000 Tasks),62.9,258.5,119.57,103.5,48.33
React,chromium,task-edit,Board 2 (10 Tasks),3.8,27.9,10.93,9.0,5.55
React,chromium,task-edit,Board 3 (100 Tasks),10.5,43.1,21.61,19.95,8.85
React,chromium,task-edit,Board 4 (1000 Tasks),58.6,384.3,111.69,98.05,55.13
React,chromium,task-delete,Board 2 (10 Tasks),5.5,23.1,13.49,13.4,4.36
React,chromium,task-delete,Board 3 (100 Tasks),12.6,72.1,27.21,25.2,12.5
React,chromium,task-delete,Board 4 (1000 Tasks),57.6,385.7,149.38,148.3,64.08
React,chromium,task-move-within-column,Board 2 (10 Tasks),5.2,34.3,18.67,17.3,6.83
React,chromium,task-move-within-column,Board 3 (100 Tasks),14.8,67.7,34.59,33.75,14.53
React,chromium,task-move-within-column,Board 4 (1000 Tasks),132.9,378.0,202.9,184.45,60.48
React,chromium,task-move-between-columns,Board 2 (10 Tasks),6.0,34.0,15.27,13.45,6.63
React,chromium,task-move-between-columns,Board 3 (100 Tasks),16.5,70.7,32.32,30.75,13.54
React,chromium,task-move-between-columns,Board 4 (1000 Tasks),74.6,343.0,147.15,139.4,54.42
React,chromium,board-switch,Board 1 (Leer),4.9,23.9,11.34,11.25,4.37
React,chromium,board-switch,Board 2 (10 Tasks),10.3,35.0,15.86,14.1,5.74
React,chromium,board-switch,Board 3 (100 Tasks),29.6,121.1,51.98,46.95,19.66
React,chromium,board-switch,Board 4 (1000 Tasks),214.3,449.8,302.27,289.15,56.29
React,chromium,initial-load-fcp,Initial Load,36.0,84.0,59.1,56.0,12.2
React,chromium,initial-load-lcp,Initial Load,36.0,84.0,59.1,56.0,12.2
React,firefox,task-create,Board 1 (Leer),9.0,42.0,26.3,26.0,9.16
React,firefox,task-create,Board 2 (10 Tasks),11.0,82.0,29.48,26.5,14.41
React,firefox,task-create,Board 3 (100 Tasks),13.0,115.0,48.88,40.0,25.65
React,firefox,task-create,Board 4 (1000 Tasks),78.0,327.0,166.42,162.5,49.37
React,firefox,task-edit,Board 2 (10 Tasks),7.0,59.0,21.88,19.5,11.75
React,firefox,task-edit,Board 3 (100 Tasks),16.0,80.0,39.02,39.0,15.77
React,firefox,task-edit,Board 4 (1000 Tasks),68.0,388.0,174.3,177.0,71.12
React,firefox,task-delete,Board 2 (10 Tasks),11.0,52.0,22.82,21.0,9.8
React,firefox,task-delete,Board 3 (100 Tasks),14.0,122.0,40.38,34.5,20.33
React,firefox,task-delete,Board 4 (1000 Tasks),121.0,881.0,255.35,195.5,153.87
React,firefox,task-move-within-column,Board 2 (10 Tasks),8.0,48.0,27.1,26.5,11.71
React,firefox,task-move-within-column,Board 3 (100 Tasks),21.0,127.0,52.0,51.5,22.5
React,firefox,task-move-within-column,Board 4 (1000 Tasks),63.0,550.0,206.38,179.0,131.23
React,firefox,task-move-between-columns,Board 2 (10 Tasks),9.0,47.0,25.08,26.0,10.32
React,firefox,task-move-between-columns,Board 3 (100 Tasks),14.0,76.0,33.25,31.5,15.22
React,firefox,task-move-between-columns,Board 4 (1000 Tasks),65.0,5791.0,304.92,159.0,891.9
React,firefox,board-switch,Board 1 (Leer),4.0,67.0,14.72,13.0,9.83
React,firefox,board-switch,Board 2 (10 Tasks),23.0,265.0,60.9,52.5,45.4
React,firefox,board-switch,Board 3 (100 Tasks),67.0,268.0,115.68,102.5,42.49
React,firefox,board-switch,Board 4 (1000 Tasks),289.0,7852.0,1120.4,782.5,1294.92
React,firefox,initial-load-fcp,Initial Load,135.0,455.0,267.15,255.5,77.2
React,firefox,initial-load-lcp,Initial Load,135.0,455.0,267.15,255.5,77.2
React,webkit,task-create,Board 1 (Leer),7.0,51.0,20.95,19.0,9.59
React,webkit,task-create,Board 2 (10 Tasks),6.0,80.0,26.75,24.5,14.23
React,webkit,task-create,Board 3 (100 Tasks),15.0,147.0,46.8,38.5,28.19
React,webkit,task-create,Board 4 (1000 Tasks),81.0,467.0,203.08,178.0,89.14
React,webkit,task-edit,Board 2 (10 Tasks),8.0,47.0,20.18,18.5,7.51
React,webkit,task-edit,Board 3 (100 Tasks),15.0,101.0,34.25,32.5,16.02
React,webkit,task-edit,Board 4 (1000 Tasks),47.0,293.0,117.9,102.0,52.53
React,webkit,task-delete,Board 2 (10 Tasks),11.0,108.0,29.2,26.5,16.2
React,webkit,task-delete,Board 3 (100 Tasks),22.0,183.0,51.0,42.0,32.06
React,webkit,task-delete,Board 4 (1000 Tasks),91.0,645.0,180.8,143.0,102.69
React,webkit,task-move-within-column,Board 2 (10 Tasks),10.0,47.0,24.48,22.0,9.65
React,webkit,task-move-within-column,Board 3 (100 Tasks),13.0,103.0,40.38,34.5,20.37
React,webkit,task-move-within-column,Board 4 (1000 Tasks),81.0,287.0,144.12,132.5,54.54
React,webkit,task-move-between-columns,Board 2 (10 Tasks),7.0,49.0,23.2,21.5,10.2
React,webkit,task-move-between-columns,Board 3 (100 Tasks),12.0,426.0,38.17,25.0,63.79
React,webkit,task-move-between-columns,Board 4 (1000 Tasks),62.0,204.0,103.0,96.5,32.84
React,webkit,board-switch,Board 1 (Leer),8.0,58.0,23.48,22.5,11.12
React,webkit,board-switch,Board 2 (10 Tasks),15.0,248.0,60.9,49.5,46.22
React,webkit,board-switch,Board 3 (100 Tasks),76.0,291.0,149.35,138.5,48.0
React,webkit,board-switch,Board 4 (1000 Tasks),725.0,1641.0,1172.05,1150.0,223.78
React,webkit,initial-load-fcp,Initial Load,193.0,686.0,319.3,294.5,108.76
React,webkit,initial-load-lcp,Initial Load,206.0,867.0,354.6,327.0,124.21
